name,country,lab_length
Stephenfurt Racing Rout,Bolivia,1.569
New Angela Racing Rout,Malta,1.729
North Regina City Circuit,Burundi,3.18
Tinaburgh Racing Rout,Palestinian Territory,1.208
Sonyamouth Racing Rout,United Kingdom,1.14
Dwaynefort Racing Rout,Saudi Arabia,2.018
Port Victoria City Circuit,Timor-Leste,3.427
Cookport Racing Rout,Bangladesh,1.318
Hobbsstad Racing Rout,Latvia,3.92
Pinedafurt Racing Circuit,Cyprus,1.414
Maldonadohaven City Rout,Faroe Islands,1.777
Ericaton City Circuit,French Guiana,4.341
Mooreton City Track,Slovakia (Slovak Republic),4.249
Charlesberg Racing Track,Tanzania,3.472
New Natalie Racing Circuit,Palau,2.512
New Heatherstad City Track,Sri Lanka,2.82
Villegasview City Circuit,Spain,4.588
Mitchellside Racing Rout,Slovakia (Slovak Republic),1.229
Carolynmouth Racing Track,Central African Republic,4.99
Brownfort Racing Rout,Qatar,4.283
Johnathanburgh City Rout,Cameroon,3.851
North Kelly Racing Circuit,Northern Mariana Islands,3.125
Calderonstad City Rout,Syrian Arab Republic,3.399
West Kevinburgh City Circuit,Reunion,4.456
Port Sarahchester City Circuit,Guinea-Bissau,2.56
New Marybury City Rout,Chile,1.301
North Mikeborough City Rout,New Zealand,4.328
Velezmouth Racing Rout,Bosnia and Herzegovina,2.935
East Heatherberg City Circuit,Malawi,0.99
Liburgh Racing Rout,Samoa,2.913
Rachelfort City Track,Central African Republic,4.698
East Tina Racing Track,Portugal,2.243
Karenside City Track,Libyan Arab Jamahiriya,3.389
Thompsonshire Racing Track,Sudan,3.106
Watersside Racing Circuit,Sudan,3.561
New Diana Racing Circuit,Bulgaria,2.843
Rebeccatown Racing Circuit,Kenya,3.637
East Richardview Racing Rout,Afghanistan,4.234
Kelseystad City Circuit,El Salvador,1.473
Fordland City Rout,Morocco,2.636
Rodriguezville City Track,Liberia,4.643
Jenniferbury City Circuit,Morocco,2.111
Barronland Racing Track,Bosnia and Herzegovina,3.47
West Robertstad Racing Rout,Honduras,0.949
East Timothybury City Circuit,Belgium,2.837
Alexandraburgh City Circuit,Ecuador,3.97
Haroldshire City Rout,Bhutan,1.185
Velezmouth City Rout,Burkina Faso,2.684
New Samuelhaven City Track,Chad,1.509
Jensenstad City Circuit,Eritrea,2.589
Rhondafort Racing Track,Russian Federation,1.451
South Huntertown Racing Rout,Burkina Faso,4.031
North Alejandrochester City Rout,Venezuela,4.626
East Dawn City Circuit,Costa Rica,3.938
Patrickbury City Track,Bangladesh,4.921
New Robertland Racing Rout,Bhutan,3.641
New Michaelhaven City Circuit,Micronesia,4.425
New Tinaport Racing Rout,Belgium,2.395
New Tinaport City Track,Saint Pierre and Miquelon,3.754
Lake Williamberg Racing Track,Belize,1.169
North Denise City Rout,Puerto Rico,3.015
Melissatown City Rout,Svalbard & Jan Mayen Islands,1.575
Port Melissa Racing Track,Antarctica (the territory South of 60 deg S),3.209
Kelseystad Racing Track,Ghana,4.562
New Rebeccaberg Racing Track,Russian Federation,3.902
Lisaburgh City Track,French Polynesia,3.99
Davieschester Racing Circuit,Iceland,2.065
Petersonborough City Circuit,Swaziland,3.922
West Rebeccatown City Track,Benin,4.81
Gonzaleztown Racing Circuit,Tajikistan,4.539
Lake Ariana Racing Circuit,Belize,5.071
Rubioberg Racing Circuit,Turks and Caicos Islands,3.735
Kylemouth City Track,Norway,4.669
Dorothychester Racing Circuit,Austria,4.425
Johnshire City Track,Hungary,2.99
Jenniferbury Racing Rout,Turkey,3.169
Campbellshire Racing Rout,Germany,4.21
South Markside Racing Track,Burkina Faso,3.911
Andreberg Racing Rout,Bolivia,3.006
Garzaside Racing Rout,Equatorial Guinea,4.148
South Elizabeth City Track,Uruguay,1.213
East Tyler Racing Rout,Vietnam,4.861
New Jefferyborough Racing Circuit,Myanmar,5.113
Nicholasshire Racing Track,Chad,1.792
New Samuelhaven Racing Circuit,Palestinian Territory,2.799
South Shannon City Rout,Martinique,2.03
North Jeremyview Racing Circuit,Andorra,2.395
Veronicaland Racing Circuit,Jamaica,3.423
Port Heatherbury City Rout,Hong Kong,4.761
Debraburgh City Circuit,Jordan,1.27
Port Dustin Racing Rout,Indonesia,1.063
Jonathanhaven City Rout,Timor-Leste,3.261
Adamstad Racing Track,Uzbekistan,4.379
Shannonhaven Racing Rout,Malta,1.984
Andreberg Racing Track,Faroe Islands,3.168
Erinburgh City Rout,Estonia,2.626
Shaneville Racing Rout,Ghana,3.656
North Joycefurt City Track,Haiti,4.568
Rodriguezville City Circuit,Samoa,1.149
Lake James Racing Rout,Saint Pierre and Miquelon,3.76
Clarkville Racing Track,Svalbard & Jan Mayen Islands,1.238
Snydermouth City Rout,Papua New Guinea,4.114
North Anthony City Track,Maldives,3.01
Amandabury Racing Rout,Pakistan,4.385
Lake William Racing Rout,Nigeria,3.672
Gonzalezbury City Rout,Norway,3.255
North Austin City Circuit,Reunion,1.784
North Anthony City Circuit,Somalia,1.767
Adamsville City Rout,Angola,5.118
West Jasonshire City Track,Equatorial Guinea,5.142
Edwardberg Racing Circuit,Belize,3.929
Knappstad Racing Circuit,Tunisia,3.98
North Christianfort Racing Track,Senegal,3.984
West Joshua City Circuit,Lebanon,2.655
Perezside Racing Track,Greenland,4.485
Port Samantha Racing Rout,Nepal,4.671
Smithburgh City Circuit,Bahamas,3.577
New Bailey Racing Circuit,Yemen,3.552
Michaelburgh Racing Track,Faroe Islands,4.478
East Rubenborough Racing Circuit,Cyprus,2.878
Patriciafurt City Circuit,Puerto Rico,1.628
Holdenland Racing Track,Sudan,3.439
Davidchester City Rout,Singapore,3.068
Coxchester Racing Rout,Anguilla,4.747
Cynthiafort Racing Circuit,Iceland,2.014
North Theresa City Circuit,Philippines,2.043
Osborneton City Circuit,Tuvalu,4.349
Christopherport City Circuit,Chile,5.068
Kelleyside Racing Circuit,France,3.031
Reneemouth City Track,Niger,1.327
Eriktown Racing Rout,Greece,1.306
Eileenside City Rout,Guyana,4.792
New Rachelton City Rout,Saint Helena,3.351
West Glen City Circuit,Afghanistan,4.034
North Michael City Circuit,Burkina Faso,2.62
Eriktown Racing Circuit,Christmas Island,2.988
Jacksonfort City Rout,Spain,1.156
New Diana City Circuit,Central African Republic,4.098
Fordland Racing Circuit,Philippines,0.935
Jamesfurt City Circuit,Niue,2.118
South Lauriemouth City Rout,Vietnam,4.804
East Samuel Racing Rout,Papua New Guinea,4.108
Maysberg City Track,Mongolia,1.963
Dominicshire Racing Circuit,Costa Rica,1.312
West Melaniestad City Track,Japan,0.944
Littlechester City Rout,Vanuatu,2.558
North Aaron City Track,Honduras,2.675
East William Racing Rout,New Zealand,3.624
Peckport Racing Track,Monaco,4.569
North Danielland Racing Circuit,San Marino,4.262
Jenniferborough Racing Rout,Yemen,1.995
Mooreton Racing Circuit,Russian Federation,1.209
Port Richardchester Racing Track,Saudi Arabia,2.829
Davismouth City Circuit,Gambia,2.174
Nicholasshire City Track,Jordan,3.854
Justinfurt Racing Track,Zimbabwe,3.417
West Michaelton Racing Rout,Andorra,2.339
South James Racing Track,Maldives,2.264
Derrickland City Circuit,Panama,1.375
Lake James City Track,Israel,4.614
New Kimberlyport City Circuit,Cocos (Keeling) Islands,1.885
East Bruce City Track,Mexico,3.19
Travisberg Racing Circuit,Nigeria,3.798
East Christina Racing Rout,Venezuela,3.227
North Brianside Racing Rout,Netherlands Antilles,4.151
Edwardsland Racing Circuit,Cameroon,1.123
Brownstad Racing Rout,Philippines,3.839
South Michaelfurt Racing Rout,Lao People's Democratic Republic,2.303
Jenniferfort City Track,Guatemala,3.188
Davidside City Rout,Algeria,2.045
New Angela City Circuit,Cameroon,2.875
Williamsborough City Rout,Brunei Darussalam,3.325
Stricklandmouth Racing Rout,Israel,4.838
East Blake City Rout,Turkmenistan,1.352
Port Zacharyville Racing Rout,Zambia,2.747
West Patriciachester Racing Track,Netherlands Antilles,5.079
Port Donna City Circuit,French Guiana,3.244
North Ryan City Rout,Azerbaijan,1.744
Mcclureland City Circuit,Syrian Arab Republic,3.347
Stricklandmouth City Track,Canada,1.896
Youngburgh Racing Track,Guinea-Bissau,4.526
Yorkburgh City Rout,Colombia,3.511
Velezmouth Racing Track,Kiribati,5.099
Port Richard Racing Circuit,Central African Republic,2.592
Brianstad City Rout,United Arab Emirates,3.093
Lake Jamieside City Circuit,Western Sahara,1.62
South Pedro Racing Track,Anguilla,4.386
Helenland City Track,Holy See (Vatican City State),4.529
Port Frankland City Circuit,Kyrgyz Republic,1.045
North Christianfort Racing Rout,Yemen,3.295
Lake Kimberly City Track,Tanzania,4.062
West Priscillafort Racing Rout,Indonesia,4.264
New Julie City Track,Liechtenstein,1.292
New Samuelhaven City Rout,Mayotte,4.298
Davidchester City Circuit,Botswana,2.284
Josephborough Racing Rout,South Africa,4.149
Derrickland Racing Circuit,Western Sahara,1.44
West Michaelton City Rout,Egypt,1.381
Debrafort City Rout,Guernsey,1.878
Port Jordan City Circuit,Luxembourg,2.772
South William City Rout,United Kingdom,4.769
Moranfurt Racing Rout,Turkey,1.299
Helenland Racing Circuit,Swaziland,2.866
Haroldshire Racing Circuit,Iceland,4.709
Brianstad Racing Circuit,Djibouti,4.623
Lake Marcfurt Racing Track,Sao Tome and Principe,0.983
New Rebeccaberg Racing Circuit,Colombia,2.105
North Alejandrochester City Track,Antigua and Barbuda,2.439
South Markside City Track,Svalbard & Jan Mayen Islands,3.7
New Rhonda City Circuit,El Salvador,3.45
West Kevinburgh City Track,Croatia,0.977
South Yvette Racing Circuit,Sudan,1.884
Bryanland Racing Track,Croatia,4.708
Port Matthewview City Circuit,United Arab Emirates,2.441
Mcclureland Racing Track,Cocos (Keeling) Islands,5.147
Kristinborough Racing Rout,Cayman Islands,3.924
Danielchester Racing Circuit,Armenia,3.381
East Rubenborough Racing Rout,French Polynesia,4.954
Andreaborough Racing Rout,Fiji,4.145
South Paulview City Circuit,Swaziland,4.866
Dianaborough City Track,Kazakhstan,1.935
Littlechester Racing Circuit,Holy See (Vatican City State),3.467
Lake Jamieside Racing Circuit,Isle of Man,3.801
Weekstown City Rout,Timor-Leste,0.969
Port Pamelafort Racing Circuit,Chile,2.453
East Audrey City Circuit,Korea,3.519
Port Donna Racing Circuit,Iran,5.042
Port Nicole Racing Track,Antigua and Barbuda,3.028
Lake Helen City Rout,Afghanistan,2.068
Smithburgh Racing Rout,Guam,2.456
East Tyler City Circuit,Maldives,1.92
New Johnville Racing Circuit,Honduras,3.901
Gomezville Racing Track,Brunei Darussalam,2.951
Andreborough City Circuit,Swaziland,4.054
Jessicamouth City Circuit,Nigeria,2.505
South Emily Racing Circuit,Egypt,1.829
South Melissa Racing Circuit,Guinea-Bissau,4.874
North Jennifer Racing Circuit,Gabon,4.321
Markport Racing Circuit,Djibouti,4.457
East Denisechester Racing Track,Fiji,4.223
New Robynton City Rout,Canada,4.795
Alyssaland Racing Track,Afghanistan,4.735
Petersonborough City Track,Iceland,3.205
Marqueztown City Track,Taiwan,2.695
West Wyatthaven Racing Rout,Iran,1.629
Larrytown City Track,Colombia,1.451
Costaville Racing Rout,United States Virgin Islands,2.02
Amandabury City Rout,Taiwan,2.332
Adrianshire City Circuit,Korea,2.712
South Michael City Track,Zambia,5.118
Williamsonhaven City Circuit,Thailand,3.633
West Taylor Racing Circuit,Slovakia (Slovak Republic),3.586
South Heather Racing Circuit,Montserrat,1.364
South Michael City Circuit,Reunion,2.112
Harrellmouth City Circuit,New Caledonia,2.398
Williamsonhaven Racing Rout,Madagascar,1.846
West Kevinburgh Racing Circuit,Benin,3.446
East Samuel City Circuit,Ecuador,4.226
East Joannaview Racing Track,Gibraltar,3.384
Garciaburgh City Circuit,Antarctica (the territory South of 60 deg S),2.102
West Douglasmouth City Rout,Dominica,3.751
Port Melissa City Circuit,Egypt,3.508
North Mikeborough Racing Rout,Serbia,2.503
East Debraport Racing Circuit,France,3.481
Erinburgh City Circuit,Costa Rica,4.476
Lake Charlesstad City Track,Libyan Arab Jamahiriya,3.345
Davidside Racing Rout,Macao,3.163
Whitneychester City Circuit,Saint Lucia,4.642
Lake Sierraton City Circuit,Argentina,3.784
New Ruth City Rout,Saint Helena,4.815
Fishershire City Rout,Costa Rica,2.807
North Brianside City Rout,Puerto Rico,2.405
Port Veronicaview Racing Track,Estonia,2.783
Gallagherside City Rout,Indonesia,1.555
Ericaton Racing Rout,Antigua and Barbuda,1.246
East Heatherberg Racing Rout,Seychelles,2.506
Rodriguezville Racing Circuit,Philippines,3.792
Lake Edwardton City Circuit,Netherlands,4.97
North Brookeburgh City Rout,Congo,3.986
Port Andrea Racing Track,Kiribati,4.068
Dukeport Racing Rout,Ukraine,5.004
North Jennifer City Circuit,Burundi,2.105
New Natalie Racing Track,Nepal,3.717
Maysberg Racing Track,Estonia,1.176
Julialand City Track,Belize,2.572
Port Andrehaven Racing Track,Malawi,3.616
Lake Kimberly City Rout,Swaziland,4.598
West Wyatthaven Racing Circuit,Mali,1.345
South Debratown City Rout,Timor-Leste,2.294
Aprilfort Racing Track,Hong Kong,3.608
Lake Jonathan City Track,Fiji,4.169
Timothyfort City Track,Kiribati,0.926
Katherinebury Racing Track,Uzbekistan,3.35
Brittanychester Racing Track,Malta,4.797
Johnville Racing Circuit,Timor-Leste,1.702
New Rhonda Racing Rout,Samoa,0.949
South Janet City Track,Mali,1.013
West Kyliestad City Track,Afghanistan,4.131
New Angelafurt Racing Track,Portugal,1.077
North Michael Racing Rout,Hungary,1.565
Karenside Racing Rout,Monaco,3.346
Aprilfort City Track,Rwanda,4.608
Petersonborough Racing Circuit,Rwanda,1.812
Jesusberg Racing Track,Belarus,1.919
Lake James City Circuit,Aruba,5.032
Lloydborough City Track,Micronesia,3.036
Rodrigueztown Racing Rout,Lithuania,2.125
East David Racing Circuit,Panama,2.394
Johnshire City Rout,Jamaica,4.171
Larrytown City Rout,American Samoa,1.464
Sarahfort Racing Circuit,Dominica,2.538
Velasquezchester Racing Rout,Cameroon,2.185
North Jeremyview City Rout,Jersey,1.274
Grosston City Rout,Afghanistan,3.494
Snydermouth Racing Circuit,Bermuda,2.717
Aprilfort Racing Circuit,Guinea-Bissau,5.027
Tranview Racing Circuit,Greenland,4.083
West Taylor City Rout,Indonesia,2.905
New Charlesmouth Racing Track,Kiribati,4.375
Sheilastad Racing Rout,Australia,0.997
New Michaelhaven Racing Circuit,American Samoa,2.973
North Brianside City Circuit,Moldova,3.612
Brownfort City Circuit,Grenada,1.505
Peckport City Circuit,Holy See (Vatican City State),2.465
New Natalie City Rout,India,4.758
New Kimberlyport City Track,Guinea,3.018
North Hannah City Circuit,Cyprus,2.022
South Lauriemouth City Circuit,Comoros,1.47
North Mikeborough Racing Track,Liechtenstein,4.465
Debraburgh City Rout,Thailand,4.944
North Benjaminshire Racing Circuit,Swaziland,3.287
Villegasview City Rout,Spain,1.258
East Keith Racing Circuit,Rwanda,2.89
North Jeffrey City Track,Reunion,4.574
New Tinaport Racing Track,China,1.256
West Gregory Racing Rout,French Polynesia,3.909
Pinedafurt City Track,Wallis and Futuna,0.976
Port Jennifer City Rout,United States Minor Outlying Islands,4.654
Longmouth City Track,Myanmar,2.39
West Taylor City Track,Turkey,4.661
North Brianside Racing Circuit,South Georgia and the South Sandwich Islands,1.353
New Paulbury City Rout,Sweden,3.257
West Taylor Racing Rout,Nicaragua,3.855
Derrickland City Rout,Haiti,1.112
Patriciaberg Racing Circuit,Tunisia,4.938
Carolynmouth City Circuit,Guernsey,3.455
Dukeport City Track,Niger,3.858
Adamsburgh City Circuit,Maldives,4.038
South Katelynbury Racing Rout,Iraq,4.963
New Angelafurt Racing Rout,Thailand,4.891
East Donnaton Racing Circuit,Bhutan,3.16
Huntside Racing Circuit,Serbia,4.608
Marcmouth City Circuit,Swaziland,0.911
North Williamton Racing Circuit,Reunion,5.077
Lake James Racing Circuit,Togo,4.925
North Coreyfurt City Rout,Nepal,4.968
South Matthew City Rout,New Zealand,1.605
Jasmineland Racing Rout,French Guiana,1.672
Davieschester City Circuit,Guadeloupe,1.574
East David City Circuit,Wallis and Futuna,1.089
East Tyler City Track,Kazakhstan,4.808
South Shannon Racing Track,Finland,1.401
Dianaton City Circuit,Uzbekistan,1.937
Amandabury Racing Track,Argentina,0.913
South Katelynhaven Racing Track,French Guiana,0.912
Port Matthewview City Track,Romania,4.975
Joshuastad Racing Track,Pitcairn Islands,3.514
South Yvette Racing Track,Nepal,2.66
East Dawn City Track,Belize,4.359
Josephborough City Circuit,Benin,4.38
Port Loganstad City Rout,French Guiana,2.535
Gilesberg Racing Circuit,Mozambique,3.89
New Johnville City Circuit,Cyprus,3.014
Port Tiffanybury City Rout,Bhutan,2.012
Michelleburgh Racing Rout,Monaco,3.327
Vazquezburgh Racing Rout,Reunion,2.267
Lutzton Racing Circuit,Estonia,3.617
East Joannaview City Rout,Uganda,2.072
West Joshua City Rout,United Kingdom,1.311
Terrifort City Circuit,Peru,3.435
Vazquezburgh City Rout,Belarus,1.197
Bentleybury City Rout,Guernsey,3.137
Robertport City Circuit,Israel,1.124
Port Michael Racing Rout,Macao,5.008
Greggmouth Racing Circuit,Liberia,3.019
Stephensonmouth Racing Rout,Nepal,4.769
Royside City Rout,Grenada,4.445
Jensenstad City Track,Rwanda,4.858
Tuckerside City Track,Kenya,5.02
Jamesshire City Track,Benin,4.531
Kimberg Racing Circuit,Malawi,4.096
West Carlyhaven City Track,Slovenia,4.158
Williamsborough City Circuit,Ukraine,2.469
Port Zacharyville City Track,Russian Federation,3.91
West Jonathan City Track,Denmark,3.237
North Williamton City Circuit,Mali,4.319
Danielchester City Circuit,Dominican Republic,4.403
North Theresa City Rout,Montenegro,5.105
Ericaton Racing Circuit,Central African Republic,2.959
Crawfordfort Racing Circuit,Solomon Islands,3.189
Osborneton Racing Rout,Senegal,2.62
Port Erinburgh Racing Circuit,Ecuador,3.21
Adrianshire City Track,British Virgin Islands,4.581
Gonzalezbury Racing Circuit,Slovenia,4.514
Tammyberg Racing Circuit,Saint Vincent and the Grenadines,3.321
Christopherport Racing Rout,Estonia,2.18
West Jonathan Racing Track,Liberia,2.421
Lake Kristinachester City Circuit,Thailand,1.866
Jonathanhaven City Circuit,Tajikistan,4.511
Andreaborough Racing Track,Swaziland,2.089
North Coryshire City Circuit,Canada,3.952
Jasonchester Racing Track,Saint Lucia,2.305
Sheilastad City Circuit,Trinidad and Tobago,1.616
North Nicolemouth Racing Rout,Mexico,1.061
Patriciaberg Racing Track,Uruguay,2.823
Brianstad Racing Rout,Namibia,4.676
West Ashleefort City Track,Argentina,1.145
Port Frankland Racing Track,Dominican Republic,4.117
Longmouth Racing Rout,British Virgin Islands,3.721
New Rebeccaberg City Circuit,Grenada,2.561
West Kyliestad Racing Circuit,Serbia,4.328
Ryantown Racing Track,Samoa,1.156
Jasonchester City Rout,Jordan,3.224
Amandabury City Circuit,Wallis and Futuna,1.786
Ericside Racing Rout,Panama,2.582
Lake Tiffany Racing Circuit,Kyrgyz Republic,1.923
South Lauriemouth Racing Circuit,Serbia,3.521
Calderonstad City Track,Malta,4.948
Burgessland Racing Track,New Zealand,2.991
West Taylormouth Racing Circuit,Bhutan,3.482
North Nicolemouth City Track,Bosnia and Herzegovina,3.813
East Sharon City Rout,Swaziland,1.196
Lake Charlesstad Racing Circuit,Mozambique,4.038
East Timothybury Racing Track,Liberia,1.235
Jamesshire Racing Circuit,Chile,3.753
West Taylormouth City Circuit,Samoa,3.283
East Richardview City Track,Sao Tome and Principe,1.034
Elliston Racing Track,Sao Tome and Principe,1.207
Stricklandmouth Racing Track,Tunisia,1.473
East Alejandro Racing Track,Vietnam,3.665
New Charlesland City Circuit,Nigeria,1.106
Port Frankland City Track,Palestinian Territory,5.052
North Charles City Circuit,Croatia,2.039
New Erica City Track,Senegal,1.836
Jamesburgh City Circuit,Hungary,4.091
Tranview Racing Rout,Zambia,4.556
Johnville Racing Track,Gambia,5.004
North Theresa Racing Rout,Antigua and Barbuda,1.747
Terrifort Racing Track,Pakistan,1.658
Watersside City Rout,Russian Federation,4.451
New Ryan Racing Rout,Tonga,3.956
Melissatown City Circuit,Bouvet Island (Bouvetoya),2.274
Gilesberg City Rout,Norway,4.82
North Jennifer Racing Track,Algeria,1.419
West Kyliestad City Rout,Morocco,1.719
Powersborough City Track,Nigeria,2.369
West Samanthabury Racing Rout,Gibraltar,3.721
South Daniel Racing Track,Latvia,4.567
Debrafort City Circuit,Saudi Arabia,3.075
Lake Jamie City Track,Kazakhstan,5.001
North Georgeville City Rout,Jersey,5.14
Jasmineland Racing Track,Somalia,4.652
South Melissa City Circuit,Saint Barthelemy,2.476
Rodrigueztown City Circuit,Central African Republic,4.979
Davismouth Racing Circuit,Kazakhstan,1.753
North Cherylville Racing Circuit,Tuvalu,1.435
Moorehaven City Circuit,Slovenia,4.597
Debraburgh Racing Rout,Hungary,1.781
Markport City Circuit,Uzbekistan,4.142
North Aaron City Circuit,Botswana,3.321
Helenland Racing Rout,Lao People's Democratic Republic,3.715
Lake Dalton City Rout,United Arab Emirates,3.833
West Andrewburgh Racing Track,Philippines,2.096
Hollowayborough City Circuit,Tokelau,3.601
South Melissa City Rout,Italy,4.433
South Melissa City Track,Netherlands Antilles,0.952
Port Daniel Racing Rout,Equatorial Guinea,1.926
South Michael Racing Rout,Kenya,3.816
Hansentown Racing Circuit,Sierra Leone,3.897
South Louisfurt Racing Rout,Netherlands Antilles,3.914
East Audrey Racing Track,Portugal,2.951
Bentleybury Racing Track,Costa Rica,3.912
Jenniferborough Racing Circuit,Ghana,3.085
New Marybury Racing Circuit,Montenegro,3.776
North Brookeburgh Racing Track,Vietnam,2.166
New Charlesmouth City Track,Barbados,3.013
South Daltonchester Racing Rout,Paraguay,1.589
East David City Track,Seychelles,2.666
East Derrick Racing Rout,Gabon,1.39
South Stephen Racing Circuit,Kuwait,3.629
Joshuastad City Rout,Fiji,2.855
Elliston Racing Rout,Yemen,4.337
South Nicoleville City Track,French Guiana,2.322
Michaelview Racing Track,Oman,4.394
Brownfort Racing Circuit,Azerbaijan,4.911
Crawfordfort Racing Rout,Norfolk Island,1.561
Sarahborough Racing Rout,Kiribati,2.224
Blakechester City Circuit,United Kingdom,3.334
New Erica Racing Track,Myanmar,4.647
New Robertland City Circuit,Trinidad and Tobago,4.328
Jeffreyland Racing Circuit,Cameroon,4.81
North Lisaton City Track,Burundi,3.44
South Daltonchester City Circuit,El Salvador,4.918
Mcclureland City Track,Niger,1.939
Johnville City Track,Thailand,3.095
Shaneville City Track,United States Minor Outlying Islands,3.894
Port Zacharyville City Circuit,Monaco,4.219
Adamstad City Track,Barbados,1.188
Gilesberg City Track,Greece,1.601
New Michaelhaven City Rout,Niue,3.224
Haynesborough Racing Circuit,Saint Vincent and the Grenadines,1.742
South Patrickville Racing Circuit,Estonia,2.5
Alexandrafurt Racing Circuit,Luxembourg,1.298
Mitchellside Racing Track,Bulgaria,1.625
New Angelafurt Racing Circuit,Malawi,5.019
North Aaron City Rout,United States Minor Outlying Islands,4.397
Patriciaberg City Rout,Armenia,1.18
Rhondafort City Circuit,Oman,4.033
Gomezville Racing Circuit,Cook Islands,4.309
Cynthiabury Racing Circuit,Central African Republic,3.153
Patrickbury City Circuit,Pitcairn Islands,1.123
Port Loganstad Racing Track,Turkey,3.655
North Coreyfurt Racing Circuit,Bahamas,1.227
New Heatherstad Racing Rout,Saint Barthelemy,3.322
Port Victoria Racing Circuit,Taiwan,2.134
New Johnville Racing Track,Maldives,1.189
Carolynmouth Racing Circuit,Palau,1.154
South Michael Racing Track,Singapore,2.228
West Patrick City Circuit,Faroe Islands,3.419
South Yvette Racing Rout,Brunei Darussalam,0.96
Barrville City Rout,Bouvet Island (Bouvetoya),1.563
South James City Circuit,Myanmar,1.32
North Brookeburgh Racing Circuit,Monaco,2.215
Davismouth City Rout,Turks and Caicos Islands,4.192
West Beth City Rout,United States Minor Outlying Islands,3.717
East Timothybury City Track,Dominica,2.202
North Johnside Racing Rout,Guam,2.123
Lawrencefort Racing Track,Antigua and Barbuda,2.979
Lake Eric City Track,South Africa,2.83
West Edward City Rout,Croatia,1.048
Port Karenview City Rout,Martinique,3.779
Sanchezport City Rout,Wallis and Futuna,3.887
Ronaldville Racing Circuit,Cocos (Keeling) Islands,2.97
Johnshire Racing Circuit,Jordan,2.162
Snydermouth Racing Rout,Latvia,2.281
Port Robertshire Racing Track,Guinea,4.802
Ruizberg Racing Circuit,New Caledonia,4.117
West Beth City Circuit,Mauritania,4.915
Tuckerside Racing Track,Guernsey,1.435
New Johnville Racing Rout,Grenada,4.449
Moralesbury Racing Track,Belgium,2.454
Justinfurt City Circuit,Saint Kitts and Nevis,1.264
West Carolyn City Track,Thailand,1.438
Mooreton City Circuit,Bahamas,1.475
South Michael City Rout,Pitcairn Islands,3.187
South Matthew City Track,Iraq,4.491
Theodoreberg City Rout,China,0.942
Brianstad City Track,China,0.997
North Jacob City Track,Congo,4.067
Port Colleen City Circuit,Latvia,0.912
Jenniferfort City Circuit,Sierra Leone,2.734
East Denisechester City Track,Finland,4.035
Loriberg City Rout,Central African Republic,3.308
New Darren City Track,United Kingdom,4.003
Lake Helen Racing Rout,Turkmenistan,4.843
New Jenna Racing Rout,Comoros,1.672
Timothyfort City Circuit,Luxembourg,4.518
Maldonadohaven Racing Track,Haiti,3.674
Port Richardchester City Rout,Gabon,4.007
West Kyliestad City Circuit,Andorra,4.715
Andreborough City Rout,Benin,3.767
Lake Caitlynfort City Rout,Namibia,3.735
Sheilastad City Rout,Saint Lucia,2.521
Lake Sierraton Racing Rout,Venezuela,2.801
West Priscillafort City Track,New Zealand,1.25
Port Kyle City Track,Samoa,4.348
North Jeremyview City Track,Uruguay,4.233
Lutzton Racing Rout,Greenland,4.471
South Nicoleville City Circuit,Tunisia,3.608
Hansentown Racing Rout,France,4.641
West Patrick City Rout,Cameroon,1.055
Maysberg City Rout,Chile,4.831
Port Matthewview Racing Rout,Guyana,4.684
Calderonstad Racing Track,Niue,3.861
Port Karenview Racing Rout,Tajikistan,3.252
Port Richard City Rout,Denmark,4.784
Fischerhaven Racing Circuit,Cameroon,2.503
North Hannah City Rout,United Arab Emirates,4.8
Tuckerside Racing Rout,India,3.123
Cynthiabury Racing Rout,Australia,1.49
Munozview Racing Rout,Botswana,3.327
Lake Jamieside City Track,Tonga,4.34
Kingland City Circuit,Maldives,2.563
Peckport City Track,Liechtenstein,2.991
Port Allison Racing Track,Uzbekistan,2.131
Campbellshire Racing Track,Cote d'Ivoire,4.369
Michaelburgh Racing Circuit,Gambia,4.653
Lake Jasmine City Circuit,Holy See (Vatican City State),1.306
Alyssaland Racing Circuit,Uzbekistan,3.952
Port Michael City Circuit,Mozambique,4.721
Brianberg Racing Circuit,Martinique,4.7
Lake Kristinachester Racing Rout,Gambia,2.945
Youngburgh City Track,Senegal,4.024
East Joseph Racing Track,Ireland,3.515
South Debratown Racing Track,Liberia,4.226
Campbellshire Racing Circuit,Saint Martin,4.446
Hatfieldburgh City Track,North Macedonia,3.399
South Daniel City Track,Ethiopia,2.266
West Patriciachester Racing Circuit,Zambia,4.117
Eriktown City Circuit,Russian Federation,4.288
North Alejandrochester Racing Circuit,Jordan,1.984
North Williamton City Rout,Tokelau,3.066
Youngburgh City Circuit,Falkland Islands (Malvinas),4.552
New Michaelhaven Racing Rout,United Arab Emirates,2.487
Dianaborough City Circuit,Pitcairn Islands,3.305
Elizabethville City Rout,Uruguay,5.124
South Christopherstad City Track,Cyprus,1.617
Garciaburgh City Rout,Indonesia,2.42
West Taylormouth Racing Track,Nepal,1.068
Adamstad City Circuit,Korea,4.528
North Amber City Track,Taiwan,0.981
Johnshire City Circuit,Sweden,3.179
West Carlyhaven Racing Circuit,Saint Martin,2.918
Dorothychester Racing Track,Palestinian Territory,4.453
South Katelynbury Racing Circuit,New Zealand,4.157
New Kimberlyport Racing Rout,Cook Islands,4.541
Ruizberg Racing Track,French Southern Territories,1.758
Port Cassandrastad Racing Circuit,Yemen,4.45
Calderonstad Racing Circuit,New Caledonia,1.202
East Keith City Track,Zimbabwe,3.911
Davidchester City Track,Holy See (Vatican City State),4.952
Caitlinborough City Rout,Germany,1.716
North Jasonstad City Rout,Montenegro,3.654
Lake Jamie City Circuit,Kenya,3.356
Port Matthewview City Rout,Sri Lanka,4.914
Lake Pamelaberg City Circuit,Holy See (Vatican City State),2.317
Hernandezstad City Circuit,Mexico,1.586
Edwardshaven City Rout,Saint Barthelemy,1.586
Port Lisa City Track,Mozambique,3.959
North Regina Racing Rout,Tuvalu,3.088
North Benjaminshire City Circuit,Hong Kong,1.906
East Nicholas City Track,India,1.596
Port Olivia Racing Rout,Serbia,1.736
Jamesburgh Racing Rout,Bhutan,4.66
Port Andrehaven Racing Rout,Guatemala,3.299
Jenniferborough City Circuit,Tokelau,4.642
Holdenland City Circuit,French Southern Territories,2.425
Maysstad Racing Circuit,Fiji,1.955
Sarahborough City Circuit,Romania,4.705
South James City Track,Gabon,4.427
Crawfordfort City Track,Vietnam,2.895
Sanchezport City Circuit,Vietnam,2.931
Jasmineland City Circuit,Guinea,3.224
Edwardsland City Track,Yemen,2.839
Jessicatown Racing Circuit,Norfolk Island,1.529
Port Melissa City Track,Benin,2.649
New Patricia Racing Circuit,Zimbabwe,2.215
North Brookeburgh Racing Rout,Spain,1.972
South Janet Racing Track,Lithuania,1.88
Lisaton Racing Circuit,Cambodia,1.134
Hubbardfort Racing Circuit,South Africa,2.591
Jacksonfort Racing Rout,Lebanon,5.044
South James Racing Rout,Azerbaijan,1.892
Fordland Racing Track,Togo,4.169
Cynthiafort Racing Track,Sudan,5.056
Port Melissa City Rout,Ukraine,1.093
Johnshire Racing Track,Niue,2.996
Jenniferfort Racing Circuit,United States Virgin Islands,1.436
Dorothychester Racing Rout,Bahrain,3.703
West Susan City Track,Cayman Islands,3.581
Stephensonmouth City Rout,Guam,2.828
Brianberg City Circuit,Cape Verde,2.225
Mitchellside Racing Circuit,Libyan Arab Jamahiriya,4.308
North Amber Racing Track,Belgium,4.247
Moorehaven City Rout,Trinidad and Tobago,3.749
South William Racing Track,Reunion,1.94
Sarahborough City Rout,Congo,4.346
Weekstown Racing Track,Bhutan,1.318
Port Colleen Racing Rout,Thailand,2.943
Port Cassandrastad Racing Rout,Dominica,1.729
New Robynton Racing Rout,Mauritius,2.292
Brittanychester City Circuit,San Marino,2.039
Riceborough City Circuit,Tokelau,4.204
East Christopher City Circuit,Namibia,4.717
East David City Rout,Mauritania,1.869
Davidside Racing Circuit,Sao Tome and Principe,3.851
Moorehaven Racing Track,Malawi,1.93
Jessicamouth City Rout,Netherlands,1.243
Kimberg City Circuit,Sweden,4.003
Smithburgh Racing Circuit,Turkey,4.337
Robertport Racing Circuit,Northern Mariana Islands,2.28
Port Olivia City Circuit,Mongolia,4.51
East David Racing Track,Bosnia and Herzegovina,1.634
Campbellshire City Track,Burundi,2.399
West Jeremymouth Racing Rout,Timor-Leste,1.205
Weekstown City Circuit,Cook Islands,1.248
Charlesberg City Circuit,Georgia,5.053
East Briannabury Racing Circuit,Kiribati,4.945
Gallagherside Racing Rout,Costa Rica,4.297
Port Julieshire City Rout,Eritrea,2.638
Garciaburgh City Track,Switzerland,3.841
New Christophermouth Racing Track,Mauritania,2.094
Brianstad Racing Track,Kuwait,1.944
Barrville City Track,Guinea,1.041
New Christophermouth City Rout,Djibouti,1.094
Floresport City Rout,Ecuador,2.636
East Tina Racing Circuit,Gabon,3.719
Lake Charlesstad City Rout,Botswana,5.061
South Amandaport Racing Track,Niger,4.056
Sonyamouth City Circuit,Swaziland,2.632
Erinburgh Racing Circuit,India,4.73
Port Samantha City Track,Mauritius,2.252
Lake Carlos Racing Rout,Yemen,1.924
Natashaside Racing Rout,Lao People's Democratic Republic,4.289
East David Racing Rout,Congo,1.303
Marcmouth Racing Circuit,Burkina Faso,3.758
Debrafort Racing Circuit,Mayotte,2.523
Port James Racing Rout,Argentina,2.304
North Heidi City Circuit,Israel,2.794
Adrianshire Racing Circuit,Guyana,2.007
Grosston Racing Circuit,Indonesia,4.491
New Bailey City Rout,Faroe Islands,4.1
East Samuel City Track,Japan,3.517
Riveraside Racing Track,French Guiana,3.467
Port Andrea City Circuit,Mayotte,5.134
North Jacob City Rout,Denmark,3.398
Jamesfurt City Track,Malawi,3.437
New Jenna Racing Circuit,Egypt,4.865
West Kevinton City Rout,Togo,4.043
Adrianshire Racing Track,Hungary,3.709
Lake Edwardton Racing Track,Guatemala,5.021
Ericaton City Track,Tanzania,1.842
Perezmouth City Circuit,Barbados,2.587
East Timothybury Racing Circuit,New Zealand,1.222
Gregoryshire City Rout,Dominican Republic,4.707
Port Zacharyville City Rout,Panama,3.979
Garzaside City Rout,Senegal,3.507
Danielchester City Rout,Albania,4.373
Alyssaland City Track,India,1.254
Karenside Racing Track,Thailand,1.848
Edwardshaven Racing Track,Tunisia,2.074
Lake Marcfurt City Circuit,Trinidad and Tobago,4.671
Clarkville Racing Circuit,Samoa,1.871
Port Richard City Circuit,Vanuatu,2.901
Michaelberg Racing Circuit,Belgium,1.114
East Briannabury City Track,Korea,1.985
Kristinborough Racing Track,Ukraine,1.299
Johnathanburgh City Track,New Zealand,4.329
Dianaborough City Rout,Djibouti,5.0
South Pedro City Track,United States Minor Outlying Islands,2.652
New Justin City Circuit,Nauru,2.046
Dianaborough Racing Track,Venezuela,2.098
Michaelberg City Track,Mali,3.354
East Audrey City Rout,Belize,4.27
Edwardsland Racing Rout,Cocos (Keeling) Islands,4.166
New Paulbury Racing Track,Azerbaijan,1.894
Reneemouth City Circuit,Tokelau,1.58
Derricktown City Circuit,Thailand,2.677
Holdenland Racing Rout,Namibia,4.401
Lake Edwardland City Circuit,Philippines,2.095
Adamshaven City Rout,Central African Republic,1.887
Cynthiabury City Rout,Iran,4.559
Watersside City Track,Uganda,2.901
North Jennifer City Rout,Sri Lanka,1.44
West Gregory City Track,Kiribati,3.882
Andreaborough City Track,Mauritius,4.509
Brooksside City Rout,Bulgaria,4.369
East Donnaton Racing Track,Bolivia,3.714
Coxchester City Track,Cuba,4.684
Kristinshire Racing Rout,Russian Federation,3.841
New Darren Racing Circuit,Azerbaijan,2.484
Andreaborough City Circuit,Andorra,1.091
New Paulbury City Circuit,Saint Helena,2.581
New Christophermouth City Circuit,Canada,2.923
East Samueltown City Track,Vietnam,2.068
Jesusberg City Track,Turkmenistan,2.35
South Baileyshire Racing Track,Cook Islands,4.448
Brownstad City Rout,Dominica,1.291
Carloshaven Racing Rout,Saint Barthelemy,3.284
Lisaburgh City Rout,Bulgaria,4.096
Edwardshaven City Track,Botswana,1.989
North Jeffrey City Circuit,Benin,3.742
Garzaside City Track,Vietnam,2.279
South Shannon City Track,Myanmar,3.277
Port Lisa Racing Rout,Montserrat,1.803
Jasonchester Racing Circuit,Guatemala,3.241
Lake Amy Racing Circuit,Montserrat,4.597
North Wendyhaven City Rout,Cape Verde,4.063
Port Veronicaview Racing Circuit,Uganda,3.18
East Christina Racing Circuit,Lithuania,4.03
Marqueztown Racing Circuit,Estonia,4.555
East Samueltown City Circuit,British Virgin Islands,3.324
New Marybury City Track,China,4.863
Shellyport Racing Rout,Croatia,4.263
Edwardberg Racing Track,Saint Barthelemy,3.253
North Robertburgh City Circuit,Djibouti,0.974
Port Sarahchester City Rout,Jamaica,4.802
Ericamouth City Circuit,Malawi,3.608
East Samuel Racing Track,Faroe Islands,2.914
Gomezville City Circuit,Antigua and Barbuda,3.076
Mitchellside City Rout,Mauritania,2.063
Adamsburgh Racing Circuit,Morocco,1.843
New Holly City Track,United States of America,2.422
Liburgh City Track,Saudi Arabia,1.495
South Daltonchester City Track,Madagascar,1.942
Lake Kimberly Racing Circuit,Liberia,3.677
South Baileyshire City Rout,Togo,4.744
East Christopher City Track,Kyrgyz Republic,4.252
Port Andrea Racing Circuit,Cameroon,3.016
South Nicoleville Racing Rout,Mexico,4.552
North Charles City Rout,Japan,2.912
Maysstad Racing Rout,Swaziland,4.762
Lutzton City Circuit,Jersey,4.418
Carolynmouth City Track,Bouvet Island (Bouvetoya),0.976
East Briannabury Racing Track,Lesotho,1.326
Karenside City Circuit,Sri Lanka,1.026
Goodmanburgh City Rout,Morocco,1.562
East Richardview Racing Circuit,Oman,1.992
New Jenna City Track,Bahrain,5.104
Port Lisa City Circuit,Denmark,2.799
Holdenland Racing Circuit,Belarus,2.058
Aprilfort City Rout,Mongolia,1.977
Crawfordfort City Rout,Cyprus,2.189
Port Robertshire City Rout,Iceland,2.656
Sonyamouth City Track,Western Sahara,4.29
Lake Alexis Racing Circuit,Sweden,2.469
Lisaton Racing Track,Belize,2.198
Williamsborough Racing Track,Tokelau,5.023
South Baileyshire Racing Circuit,Armenia,4.253
New Marybury City Circuit,Palestinian Territory,3.91
Lake Edwardland Racing Circuit,Hong Kong,1.301
Port Pamelafort City Circuit,Central African Republic,1.881
Adrianshire Racing Rout,Moldova,3.745
South Michaelfurt Racing Track,Gabon,1.162
Blakechester Racing Circuit,Djibouti,4.539
Theodoreberg City Circuit,Faroe Islands,1.129
South Melissa Racing Track,Svalbard & Jan Mayen Islands,3.202
West Kyliestad Racing Rout,Cyprus,2.367
Lake Amy Racing Track,Ukraine,4.592
New Tinaport City Rout,Christmas Island,1.987
Port Melissa Racing Circuit,Equatorial Guinea,2.577
West Edward Racing Track,Senegal,2.719
New Amybury Racing Rout,Liberia,4.322
North Jasonstad Racing Circuit,Palestinian Territory,1.175
Hansentown City Circuit,Vietnam,1.777
New Christophermouth City Track,Algeria,4.266
Michaelview Racing Circuit,Iceland,1.09
North Jeffrey Racing Track,Italy,5.034
Hansentown Racing Track,Austria,3.118
Barronland Racing Circuit,Serbia,3.114
Johnshire Racing Rout,Central African Republic,3.81
North Hannah Racing Rout,Burkina Faso,2.561
Weeksside Racing Track,Faroe Islands,4.442
Patriciafurt City Track,Monaco,3.266
Port Heatherbury Racing Circuit,Sweden,2.638
Mcdonaldview Racing Rout,Brazil,2.492
North Brookeburgh City Track,Timor-Leste,4.613
Theodoreberg Racing Circuit,Norway,4.386
New Terrenceside Racing Circuit,Pitcairn Islands,5.067
Thorntontown Racing Circuit,Aruba,4.339
Harrisberg Racing Circuit,Belgium,2.737
North Rodneyfort Racing Track,Gibraltar,3.257
Port Robertshire City Track,Grenada,3.505
Cindyfurt City Rout,Pakistan,1.226
West Sharonhaven Racing Rout,Martinique,1.991
East Debraport City Track,Samoa,4.622
West Jasonshire Racing Rout,Ecuador,3.083
Ryanfurt City Rout,Moldova,3.996
Lake Ariana City Rout,Pitcairn Islands,0.946
North Jeremyview Racing Rout,Dominican Republic,4.608
Bentleybury City Track,Belize,3.423
Brooksside Racing Circuit,Zimbabwe,2.85
Rodrigueztown City Track,Mexico,3.664
Jacksonfort Racing Circuit,Albania,3.473
North Ryan Racing Circuit,Bermuda,3.666
North Brianside City Track,Nepal,5.103
Lake Amy Racing Rout,China,4.163
Bentleybury City Circuit,Singapore,3.901
East Rubenborough City Track,Singapore,1.88
Leehaven City Track,Netherlands,2.538
Justinfurt City Rout,Syrian Arab Republic,1.628
Yorkburgh City Track,Western Sahara,2.354
Whitneychester Racing Track,Tunisia,3.023
South Baileyshire City Track,Guinea,1.949
South Markside Racing Circuit,Malta,3.19
Connorton Racing Track,British Virgin Islands,1.064
East Richardview Racing Track,Germany,1.605
Lawrencefort Racing Circuit,Guyana,3.049
Royside Racing Track,Italy,5.102
South Stephen Racing Track,Seychelles,3.643
West Priscillafort Racing Circuit,Angola,1.268
Yorkburgh Racing Circuit,Malawi,4.625
Perezmouth City Rout,Netherlands,4.235
Maldonadohaven Racing Rout,South Africa,1.235
South Huntertown Racing Track,Philippines,3.726
New Patricia Racing Track,French Guiana,2.114
Port Richardchester Racing Rout,Cambodia,4.651
Lake Tiffany Racing Rout,Monaco,0.914
North Regina City Track,Norway,1.242
North Wendyhaven City Circuit,Costa Rica,3.259
New Terrenceside City Track,Italy,1.459
New Holly City Rout,Ethiopia,4.255
Stephensonmouth Racing Circuit,Netherlands Antilles,2.257
West Carolyn Racing Rout,Gabon,1.376
Charlesberg City Rout,Japan,0.95
Stricklandmouth City Circuit,Pakistan,2.684
Brownstad City Track,Jordan,2.191
East Joseph City Rout,Nigeria,4.863
Lake Kristinachester Racing Circuit,South Africa,3.857
East Richardview City Circuit,Slovenia,1.172
Port Jordan Racing Track,Thailand,4.608
North Linda City Rout,Philippines,1.7
Jessicatown City Circuit,Lithuania,1.822
Duffyberg City Circuit,Gabon,2.969
Jamesfurt Racing Track,Sudan,4.184
Edwardshaven Racing Circuit,Trinidad and Tobago,1.477
Adamsville City Circuit,Ukraine,2.086
Pinedafurt Racing Rout,Western Sahara,3.626
Davieschester City Rout,British Virgin Islands,4.072
North Austin Racing Track,Azerbaijan,3.419
Longmouth Racing Circuit,Zambia,4.589
Joshuastad Racing Rout,Greece,1.253
Tiffanystad Racing Circuit,Montenegro,4.385
Monroemouth Racing Track,Greece,1.855
Lake Eric City Circuit,Bulgaria,3.216
Janicemouth Racing Circuit,Cyprus,3.142
East Loriside City Rout,Lesotho,1.246
North Kelly Racing Track,Panama,1.214
Rodrigueztown City Rout,Mongolia,2.28
Mitchellside City Circuit,Spain,2.863
Adamstad City Rout,Georgia,1.675
Rodriguezville Racing Track,Turkey,1.159
East Denisechester City Rout,Tuvalu,1.219
Jamesburgh City Rout,Australia,4.075
Derrickland Racing Track,United States Minor Outlying Islands,4.745
Wellsland Racing Circuit,Brazil,2.998
Barronland City Track,Grenada,0.924
Haynesborough City Track,Portugal,2.932
Bentleybury Racing Rout,Sweden,4.258
West Michaelton City Track,Svalbard & Jan Mayen Islands,1.012
Andreborough Racing Rout,Mauritania,1.972
Andreaborough Racing Circuit,Benin,1.121
Hobbsstad City Rout,Congo,0.905
Port Dustin City Circuit,United States Virgin Islands,4.118
Derrickland City Track,Faroe Islands,2.265
Johnville City Circuit,Oman,2.422
New Jefferyborough Racing Rout,Hungary,1.151
Lake William City Rout,Luxembourg,3.878
Riceborough City Rout,Sri Lanka,1.333
Port Pamelafort City Rout,Azerbaijan,3.225
Jessicaberg Racing Rout,Comoros,4.508
Port Heatherbury Racing Rout,Namibia,3.168
Jensenstad Racing Circuit,Netherlands Antilles,4.39
Kimberg Racing Track,British Virgin Islands,2.775
Abigailton Racing Rout,Vietnam,2.637
Lake Caitlynfort City Circuit,Slovenia,4.197
Lake Tiffany City Rout,Guinea,5.087
Terrifort City Rout,Bulgaria,4.709
Campbellborough Racing Circuit,Macao,2.532
Brittanychester Racing Rout,Korea,1.056
New Saraland Racing Rout,Mongolia,3.791
Garciaburgh Racing Track,Ethiopia,1.925
West Joshua Racing Track,Pakistan,1.87
North Benjaminshire City Rout,Qatar,1.929
East Bryanville Racing Track,Guinea,4.081
Barrville Racing Rout,Albania,4.433
Markport Racing Track,Korea,2.948
North Williamton Racing Rout,Guyana,1.219
Powersborough City Circuit,Maldives,1.338
East Loriside Racing Track,Cape Verde,1.847
Jessicatown City Track,Libyan Arab Jamahiriya,4.188
Jamesshire Racing Rout,France,4.456
Thompsonshire Racing Circuit,Rwanda,4.915
Goodmanburgh City Circuit,Peru,3.567
West Susan Racing Track,Bosnia and Herzegovina,2.284
Williamsborough Racing Circuit,Thailand,4.452
Vazquezburgh City Circuit,Rwanda,1.774
New Charlesmouth Racing Circuit,Estonia,2.266
Lake Edwardton Racing Rout,United States Minor Outlying Islands,4.878
Shaneville Racing Track,Vietnam,3.514
East Bryanville City Rout,Aruba,2.537
Port Jennifer Racing Circuit,Congo,2.387
New Justin Racing Circuit,Chad,4.757
Gallagherside City Track,Saint Barthelemy,5.124
New Angela City Track,Lebanon,4.446
Brandonfort City Circuit,Ghana,2.353
Sonyamouth City Rout,Zimbabwe,4.179
Lake Amy City Circuit,United Kingdom,3.81
Michaelmouth Racing Rout,Greece,2.856
Port Michael Racing Track,Pakistan,0.987
South Patrickborough City Rout,Armenia,2.751
Lake Alexis City Circuit,Algeria,3.74
Johnathanburgh Racing Circuit,Burundi,3.899
Loriberg Racing Rout,China,2.741
Michelleburgh City Track,Saint Lucia,5.062
Brooksside Racing Track,Syrian Arab Republic,1.749
West Rebeccatown City Rout,Mozambique,2.271
East Debraport City Rout,Burkina Faso,3.281
Andreborough City Track,Chile,4.647
Michelleburgh City Circuit,Nepal,1.39
